study_hours_per_day,attendance_percentage,previous_score,sleep_hours,extracurricular_hours,parental_support_level,final_exam_score
5.49,89.1,66.9,8.97,1.39,3,67.5
4.22,68.9,58.6,6.42,0.12,3,50.3
5.8,90.4,66.8,5.58,0.12,4,61.1
7.55,96.3,73.1,4.53,4.54,5,67.9
4.03,85.0,65.7,4.16,0.53,3,55.6
4.03,100.0,65.6,4.44,0.14,3,73.4
7.66,70.7,54.5,6.85,1.37,2,60.9
6.03,65.1,55.1,7.16,1.47,1,60.3
3.56,58.7,44.0,4.44,1.57,4,49.9
5.59,98.0,91.2,7.66,0.47,3,82.2
3.57,87.9,46.3,5.87,0.02,4,58.1
3.57,79.3,54.6,6.69,5.03,2,53.5
4.98,83.4,54.2,8.6,0.43,1,69.6
0.67,66.5,78.4,7.67,1.69,3,66.0
1.05,100.0,60.6,6.15,1.84,3,51.2
3.38,81.6,83.7,5.34,1.41,1,61.6
2.47,81.3,54.9,3.7,0.56,4,49.3
5.13,88.7,69.2,5.57,0.47,2,62.4
2.68,85.8,52.5,6.23,1.37,4,62.5
1.68,82.7,97.2,5.22,3.02,3,67.5
7.43,70.5,47.2,6.33,4.4,2,71.7
4.05,85.7,69.6,6.6,0.17,3,72.7
4.64,100.0,74.5,6.21,0.25,4,75.2
1.65,96.1,71.2,5.65,4.34,3,69.9
3.41,99.1,62.2,6.72,2.0,4,75.3
4.72,73.9,63.1,7.07,3.22,2,62.4
2.2,68.1,65.7,5.08,0.34,4,52.2
5.25,78.5,62.8,8.33,1.33,3,68.4
3.3,80.7,79.5,6.37,1.81,4,74.7
3.92,93.1,98.2,6.52,1.71,4,82.1
3.3,59.7,56.6,7.42,0.79,5,50.4
8.2,98.4,44.5,6.8,0.02,3,63.1
4.47,78.1,63.7,7.74,1.31,2,64.5
2.38,74.9,100.0,6.87,0.44,1,68.3
6.15,67.9,52.9,5.7,0.9,4,71.0
2.06,60.1,89.6,6.97,4.74,3,57.8
4.92,89.9,90.2,5.01,0.76,4,79.4
0.58,80.9,56.7,6.64,2.75,3,60.0
1.84,64.5,73.5,6.46,0.31,3,68.5
4.89,64.5,89.4,6.23,1.67,1,66.7
5.98,76.0,59.3,6.33,5.66,5,70.0
4.84,100.0,61.9,4.05,0.16,4,66.1
4.27,76.9,56.3,5.79,0.01,5,62.8
3.9,62.0,49.8,6.62,0.85,3,53.9
1.54,77.1,55.3,6.71,0.15,4,56.3
3.06,76.7,46.6,5.16,2.07,4,43.6
3.58,47.6,65.5,8.15,3.69,3,62.8
6.61,79.3,53.5,5.37,0.85,4,65.0
5.19,77.2,68.5,7.76,0.45,5,69.4
0.97,88.4,41.7,7.06,0.85,5,62.4
5.15,100.0,70.0,5.66,1.93,4,71.4
3.73,93.5,77.5,8.81,0.01,3,71.0
3.15,76.8,35.1,4.95,1.34,3,58.9
5.72,66.7,70.6,7.69,1.43,5,66.4
6.56,100.0,83.4,7.8,1.52,1,76.8
6.36,80.7,46.9,5.63,0.42,4,61.1
2.82,80.2,90.1,8.31,1.88,4,79.2
3.88,79.7,71.3,6.17,0.14,4,67.3
5.16,82.4,54.4,6.88,0.33,5,59.2
6.45,78.3,64.2,6.84,3.15,3,67.7
3.54,73.1,73.4,6.33,2.01,3,62.7
4.13,73.4,66.1,7.55,0.02,2,61.8
2.29,79.6,73.1,7.53,0.43,3,65.6
2.11,73.5,51.2,4.23,0.36,3,49.1
6.13,71.4,67.5,8.2,0.47,3,59.1
7.21,81.3,43.8,4.34,0.43,4,61.8
4.36,76.9,63.3,7.84,0.1,5,68.1
6.51,98.0,51.4,7.96,0.92,2,75.5
5.22,48.2,54.0,5.08,1.98,3,56.7
3.21,93.1,83.5,5.97,1.4,5,80.5
5.22,95.0,81.4,5.06,1.68,2,76.4
7.58,55.1,74.1,6.22,0.13,2,70.9
4.43,75.9,48.6,6.1,4.54,2,60.6
7.63,75.5,60.3,7.51,2.73,4,71.2
0.5,63.1,83.2,8.2,2.45,2,68.3
6.14,70.7,67.1,8.31,2.6,5,77.4
4.67,66.7,99.8,5.77,4.05,3,78.2
3.9,100.0,70.9,6.23,1.18,3,64.9
4.68,91.2,67.9,4.31,0.34,3,56.5
0.52,95.3,60.4,5.45,1.44,3,55.6
4.06,88.7,67.0,7.75,2.04,4,72.1
5.21,66.5,62.7,8.6,2.01,4,64.2
7.46,73.7,75.6,4.9,1.11,4,69.7
3.46,85.9,79.4,5.73,0.11,4,77.2
2.88,65.3,53.2,6.47,0.7,5,59.8
3.5,88.6,45.0,6.86,3.8,4,56.3
6.33,77.1,37.5,5.45,1.32,4,57.9
5.16,75.5,72.6,7.05,1.16,2,63.6
3.44,88.5,48.4,5.88,0.47,1,53.8
5.53,85.3,32.7,6.48,0.69,3,54.7
4.69,75.7,70.8,7.21,3.39,4,68.5
6.44,93.9,100.0,6.51,1.65,3,78.7
3.1,67.0,64.9,5.93,2.32,3,59.5
3.84,87.4,77.6,6.36,0.91,5,70.0
3.72,87.1,66.2,6.39,1.49,5,54.5
1.57,76.3,63.5,6.02,0.43,5,68.1
5.09,83.9,78.8,6.16,1.83,3,78.3
5.02,65.0,60.6,8.58,0.84,4,62.6
4.51,91.1,69.0,7.23,0.88,3,70.4
4.03,77.8,69.8,6.12,1.57,2,58.8
1.67,73.7,55.0,7.41,4.13,2,62.8
3.66,92.6,79.9,6.07,0.1,3,80.1
3.81,71.5,62.4,8.03,2.61,3,65.5
2.9,63.1,53.7,6.98,0.52,4,60.2
4.18,61.3,73.0,6.36,0.88,2,62.3
5.31,87.3,51.5,7.08,0.03,4,58.0
8.27,64.6,65.4,4.46,0.54,3,58.0
4.85,100.0,64.9,5.04,1.05,3,70.1
5.02,55.0,81.3,4.95,0.09,3,59.1
4.35,100.0,72.1,6.69,1.01,3,71.8
0.66,82.5,64.6,8.75,3.93,4,59.0
4.45,78.8,77.3,9.4,0.17,3,71.1
4.62,73.5,85.9,7.33,2.17,2,72.6
9.43,84.8,73.4,7.15,0.79,2,69.8
4.12,79.5,65.2,4.16,1.6,3,55.5
5.1,93.2,45.3,5.79,0.45,5,57.7
4.43,81.4,49.0,5.48,0.26,3,62.9
2.16,81.8,60.4,5.69,0.26,4,47.8
6.79,75.6,55.9,6.28,0.11,4,70.4
6.0,79.3,62.2,5.89,0.31,5,74.7
6.08,83.7,65.8,3.93,1.64,4,61.9
2.68,59.5,72.9,7.47,3.2,4,50.7
7.31,63.8,63.9,5.11,2.52,4,64.9
1.7,88.9,72.3,6.81,1.73,5,66.6
5.67,82.1,66.0,9.2,0.18,3,65.2
8.88,77.8,35.4,5.3,0.51,3,55.9
2.52,80.2,50.9,3.21,0.56,1,50.9
3.37,84.2,62.8,6.13,0.43,4,67.0
4.7,73.5,46.9,7.93,1.09,4,56.2
3.49,70.7,74.0,9.05,1.15,2,57.9
1.4,82.4,88.0,4.9,0.66,4,62.6
4.64,68.3,83.3,7.15,0.65,3,68.4
2.38,84.9,61.8,5.9,2.65,2,63.2
5.45,59.6,87.4,6.36,2.34,5,71.1
2.66,92.3,67.2,9.94,0.55,3,71.0
7.6,85.7,59.9,4.55,3.68,2,74.0
2.93,83.1,55.8,6.83,4.58,4,66.5
3.86,91.8,60.5,7.11,0.59,4,66.8
6.13,100.0,59.2,7.91,0.66,1,68.6
2.04,92.2,67.6,6.63,1.06,4,63.2
4.95,57.9,67.4,6.9,4.25,3,69.3
7.11,64.6,65.0,5.99,3.14,2,62.8
1.29,72.5,71.6,6.85,0.16,2,55.4
4.87,80.3,82.9,6.05,0.75,4,73.2
5.02,86.2,79.2,7.31,1.21,3,71.5
6.06,71.3,42.7,6.02,1.05,5,53.2
2.03,82.2,26.7,6.99,0.32,4,49.3
1.86,70.9,79.0,6.46,2.94,5,66.1
5.54,72.7,44.5,7.96,1.69,3,63.1
5.09,63.1,61.6,6.43,2.73,5,63.0
5.0,68.9,47.4,4.2,2.94,3,59.4
5.19,63.8,38.0,8.14,2.07,3,51.8
3.14,68.3,73.1,5.32,0.87,2,68.3
4.96,92.6,76.4,5.65,1.41,2,62.9
5.09,68.6,56.4,5.73,0.26,4,62.3
3.07,100.0,26.1,8.29,1.68,3,59.0
8.23,85.9,56.8,3.72,0.3,3,55.1
5.45,82.2,70.9,10.0,1.78,4,77.9
2.12,69.7,42.8,7.87,0.39,3,56.6
5.81,88.4,67.8,6.79,0.19,4,60.2
2.55,73.1,64.8,6.43,0.27,3,60.8
6.07,81.5,73.7,6.87,0.0,4,59.4
6.82,100.0,66.8,7.18,1.9,4,72.9
2.86,78.8,50.4,7.34,1.98,3,66.7
6.43,93.8,82.9,7.22,1.09,3,76.2
5.33,71.6,62.6,6.62,0.26,3,57.3
6.14,79.6,64.6,6.24,0.13,4,66.8
8.29,100.0,51.0,6.3,0.03,3,79.8
4.01,72.5,58.4,6.25,0.27,3,50.0
2.99,100.0,51.7,7.97,3.32,2,59.8
2.72,88.5,62.4,7.27,0.41,3,70.4
2.87,73.3,90.7,3.0,0.66,3,67.4
4.35,87.6,44.4,7.35,0.17,4,60.6
5.18,91.7,40.8,6.75,0.38,3,54.4
5.05,87.5,87.1,6.48,1.1,3,86.6
6.15,61.2,61.9,5.99,1.4,4,71.5
4.53,71.3,55.0,7.96,0.42,4,65.4
7.41,77.0,80.6,7.73,0.09,3,70.6
3.97,79.1,55.9,5.5,0.74,3,59.4
9.94,87.4,92.4,7.03,0.4,3,82.8
5.75,82.1,75.2,5.24,0.37,5,73.7
2.79,64.0,57.7,4.71,4.82,2,58.4
2.36,84.6,97.4,5.69,1.44,5,79.6
5.46,87.3,55.9,7.62,1.22,4,63.1
4.05,86.7,76.1,7.74,0.81,3,78.2
5.93,93.0,69.5,7.17,0.84,1,72.1
5.45,90.0,84.5,7.44,1.17,3,81.0
4.35,85.5,88.4,7.17,1.79,3,83.8
2.81,79.2,65.5,5.67,1.82,2,54.9
1.47,60.1,53.7,7.06,0.28,4,49.4
3.61,85.2,71.9,7.54,1.04,5,68.5
6.21,82.5,54.8,7.48,0.8,4,59.5
4.93,83.3,95.2,8.05,3.07,4,84.7
2.01,64.7,67.0,7.42,1.5,2,69.2
4.85,67.0,59.5,6.96,1.14,3,52.4
5.27,92.6,67.8,7.89,0.18,2,70.0
2.73,79.5,44.8,6.47,1.4,4,59.3
4.81,88.2,50.4,5.35,0.19,5,63.9
4.62,80.3,83.0,6.29,0.62,4,72.1
2.21,80.4,55.1,5.53,0.23,2,46.9
5.22,91.3,49.3,5.62,1.77,3,65.1
5.62,73.8,73.0,6.31,0.35,4,65.1
6.67,81.2,82.8,5.47,0.75,3,62.9
6.61,74.5,75.8,6.1,3.39,4,80.0
1.74,74.8,79.9,4.04,0.34,4,61.6
2.62,76.3,53.6,6.78,1.06,4,58.3
5.53,82.7,43.7,6.5,0.82,3,61.3
5.53,74.3,87.5,5.44,0.03,3,76.6
5.53,95.1,60.2,7.36,2.36,2,71.6
10.0,69.3,61.2,7.72,0.11,3,73.2
5.64,77.8,84.9,4.41,0.96,3,66.5
6.77,74.7,73.3,5.51,1.23,4,77.6
6.41,97.4,71.8,5.5,1.49,4,77.5
5.8,82.4,97.5,5.28,1.75,2,78.8
3.87,92.4,55.3,7.58,0.44,3,58.1
6.02,62.2,78.9,6.25,0.02,2,67.0
2.95,83.2,65.9,6.16,1.93,2,58.5
4.03,90.7,69.0,3.89,1.15,4,59.5
3.53,81.0,87.9,7.33,2.71,1,68.1
4.66,92.8,72.6,4.89,2.58,3,64.7
9.13,73.8,73.1,6.58,2.78,2,84.4
0.77,96.9,81.1,6.86,1.0,5,73.6
5.87,100.0,59.5,8.27,0.61,4,83.1
1.27,75.6,52.4,4.8,2.35,3,43.8
3.56,74.7,49.3,3.0,0.9,3,46.1
6.68,97.4,35.5,6.74,0.3,4,57.1
4.63,99.0,95.8,8.84,2.9,5,85.2
2.34,73.7,48.5,8.11,3.21,3,52.5
3.07,75.0,61.7,6.77,0.94,5,69.0
5.86,76.6,60.8,5.86,0.12,5,64.2
3.04,63.9,69.6,7.55,0.74,5,68.7
4.93,69.0,77.2,5.23,2.44,4,72.4
4.59,68.0,77.9,7.12,3.48,4,82.6
3.2,70.8,56.3,7.16,0.34,3,49.9
8.79,79.6,62.5,7.88,0.1,4,78.3
5.77,82.8,69.2,10.0,3.15,3,81.6
0.5,98.6,61.3,7.01,0.74,4,52.5
4.87,68.0,89.1,5.84,1.17,3,76.1
3.18,91.8,72.4,6.47,5.17,4,71.8
6.2,77.4,76.0,4.2,0.1,4,63.7
2.91,79.4,74.9,5.6,1.57,2,59.6
4.27,88.1,82.6,5.97,0.12,4,69.3
5.51,66.5,67.7,5.82,0.71,3,73.9
6.23,84.6,45.5,6.7,2.44,4,65.8
2.1,82.0,71.0,5.43,0.85,3,64.9
3.83,85.9,55.2,7.96,6.0,3,59.9
3.55,83.5,57.1,6.5,1.23,5,60.6
3.19,100.0,73.8,6.49,0.58,3,75.7
8.03,72.3,83.6,6.07,0.37,4,68.3
5.31,73.6,65.3,6.7,0.65,3,63.1
1.98,72.5,69.6,7.57,0.7,3,60.1
6.34,73.3,90.5,5.37,0.11,3,73.8
8.74,72.4,68.6,5.64,0.69,4,69.6
6.56,94.3,100.0,6.11,0.94,3,85.9
1.46,97.0,73.5,4.75,1.92,1,63.5
3.53,73.2,38.6,5.43,1.6,3,55.8
7.03,70.0,76.3,5.88,1.85,1,63.5
3.08,85.7,70.7,7.64,0.01,5,67.1
5.39,73.4,84.3,6.84,0.37,5,80.2
6.05,87.6,75.1,6.75,1.63,3,78.9
2.65,82.4,62.9,7.61,0.99,4,56.9
4.38,61.8,46.6,6.32,0.01,3,54.6
0.5,98.6,61.9,7.01,2.45,4,49.7
2.45,100.0,52.2,6.37,2.22,4,64.2
3.99,72.6,56.3,6.84,1.19,5,72.3
2.0,75.3,73.8,5.74,0.1,3,54.7
7.76,83.4,90.0,3.33,2.18,4,67.5
1.64,84.0,70.9,6.33,1.31,3,65.2
3.62,87.9,47.1,8.35,2.28,5,57.9
4.76,100.0,71.7,7.7,2.09,1,70.1
7.38,77.9,82.9,7.76,2.44,4,82.8
1.63,70.4,55.9,8.11,1.09,4,52.5
6.83,63.4,63.0,6.62,0.23,4,63.5
4.52,71.2,65.2,6.76,1.67,2,66.9
2.54,79.6,53.2,5.7,1.45,5,61.2
5.42,100.0,74.7,6.09,2.03,2,76.2
4.9,73.8,63.2,7.3,0.28,4,63.6
3.3,82.7,71.3,8.07,0.33,3,68.6
4.64,79.8,51.7,6.32,3.32,3,62.3
3.73,94.3,58.4,5.91,2.08,3,68.1
4.73,100.0,75.8,6.5,3.58,3,74.1
5.82,73.6,59.4,7.28,2.13,2,64.1
7.67,74.1,90.9,4.62,1.36,2,66.3
2.02,92.5,59.0,3.51,1.59,3,52.7
8.77,88.2,68.4,5.78,3.3,4,73.0
0.6,100.0,79.0,4.91,1.3,5,58.2
4.2,87.0,43.7,5.84,1.5,2,59.1
5.68,75.7,38.6,6.31,0.26,3,57.0
5.06,87.1,42.1,5.91,0.96,2,62.1
3.25,93.3,83.9,8.39,1.89,1,71.2
4.08,89.8,56.7,6.92,0.47,4,67.4
3.51,86.1,100.0,6.89,0.34,4,80.9
3.32,92.8,56.5,7.31,0.56,2,64.6
6.2,94.0,67.8,5.02,0.41,3,66.2
5.21,96.6,88.1,7.85,0.36,1,77.8
3.11,87.8,95.1,6.4,0.83,4,77.8
6.3,78.0,95.9,7.37,3.58,5,84.1
5.11,81.8,83.1,5.11,1.06,2,60.1
6.13,94.5,80.4,4.48,0.31,3,71.4
5.76,70.2,73.9,7.56,0.12,5,81.9
2.84,84.4,76.7,6.99,1.79,5,69.3
3.38,75.3,56.7,5.33,0.72,3,53.8
5.99,80.3,52.7,5.37,2.59,2,64.9
5.72,95.3,64.9,7.96,1.62,1,72.6
4.46,82.3,62.4,4.95,2.39,4,70.8
4.73,80.6,58.2,8.64,0.48,3,59.1
7.06,63.7,75.4,5.33,1.77,1,69.5
3.32,89.0,79.3,7.33,0.46,4,74.8
5.59,87.7,66.3,6.07,4.2,1,67.3
4.1,100.0,87.2,7.28,1.52,4,81.9
4.06,76.3,47.9,5.79,0.59,3,61.6
6.7,82.6,62.1,6.29,0.47,1,69.3
6.15,83.0,54.2,6.55,0.32,4,59.9
6.13,98.9,37.0,5.2,1.78,3,66.6
7.11,78.9,63.8,7.46,0.37,5,71.2
4.54,83.3,63.2,5.83,1.36,3,65.8
5.86,87.3,87.7,6.2,0.46,3,76.8
3.88,82.2,74.5,5.21,1.63,4,68.0
5.15,74.6,49.6,3.17,2.53,3,56.9
4.24,82.3,92.8,6.25,2.26,5,78.7
4.69,92.9,83.3,9.64,2.15,3,74.7
5.69,67.7,73.7,7.52,0.31,3,65.7
2.86,81.6,61.6,6.47,0.14,2,59.7
8.68,71.6,50.6,6.16,1.8,3,70.7
2.49,94.3,59.4,6.53,0.69,4,66.5
2.07,61.7,81.3,7.21,0.85,4,58.4
6.82,73.3,93.3,4.96,0.05,3,84.6
6.08,84.5,88.1,7.95,0.45,3,79.5
5.75,98.8,57.7,7.43,0.05,4,77.2
5.76,79.2,48.2,7.43,3.17,5,66.6
4.48,73.3,67.1,7.07,0.42,2,65.8
2.71,100.0,38.5,6.53,1.22,3,61.7
4.65,62.6,69.8,7.37,0.06,3,69.0
3.15,53.6,62.8,7.27,1.65,5,64.8
6.45,85.3,58.0,6.04,0.59,2,69.4
4.21,74.0,41.1,5.75,3.42,3,54.7
2.85,67.7,72.7,6.63,3.29,4,62.3
3.86,88.5,57.0,8.51,0.59,2,65.6
5.33,82.9,47.5,4.89,3.47,3,64.4
3.37,73.2,21.9,4.59,6.0,3,40.9
2.86,64.6,64.6,6.71,2.62,3,65.4
4.99,90.5,91.6,6.57,2.8,3,87.7
4.99,87.8,89.9,6.73,0.43,3,72.0
3.49,78.8,58.1,6.82,1.29,2,55.9
3.56,100.0,56.0,6.21,0.1,4,64.6
4.96,67.2,72.0,8.44,0.15,4,69.5
1.6,61.7,50.0,4.42,6.0,4,42.3
1.69,71.7,69.5,5.42,0.59,2,61.6
3.06,79.5,76.5,6.37,2.07,2,68.3
4.07,82.9,83.4,4.36,2.46,3,68.3
5.12,77.1,63.5,6.27,2.93,3,60.2
7.45,84.2,61.9,8.66,6.0,3,65.5
6.22,65.0,51.8,6.53,0.41,4,61.8
4.18,97.3,52.6,6.8,0.06,2,52.1
4.46,79.0,61.6,4.86,0.79,1,62.6
2.49,93.4,70.5,5.7,0.21,3,63.6
4.46,84.1,78.7,6.01,0.03,4,87.0
3.92,85.5,53.0,6.09,0.67,2,70.9
5.15,86.8,87.4,8.17,2.3,4,79.9
2.85,85.4,60.9,7.22,1.25,3,62.4
5.54,87.7,64.7,5.06,0.56,5,74.5
7.57,95.9,53.8,6.82,1.59,5,82.1
4.28,82.4,28.6,7.15,0.4,3,44.7
5.3,88.5,78.3,7.98,0.02,3,65.1
5.88,78.9,76.1,8.55,2.17,3,71.8
3.7,97.3,60.8,5.18,1.47,3,68.7
4.95,71.9,66.0,5.45,2.16,4,68.6
4.53,100.0,72.7,4.87,0.06,4,75.2
4.7,79.5,41.6,6.2,2.72,4,54.5
2.95,62.8,57.1,7.11,1.45,4,46.0
4.55,81.5,76.9,7.78,1.24,3,76.1
5.5,71.8,46.2,6.4,1.47,2,53.5
7.4,90.1,69.4,6.08,3.0,4,66.9
6.42,72.2,44.7,6.7,1.33,3,60.7
8.81,74.6,72.0,5.41,1.3,4,76.8
2.97,57.3,64.5,9.22,6.0,3,58.7
6.24,74.6,40.8,4.41,2.12,2,50.2
4.87,50.9,82.5,6.74,0.88,5,66.9
8.88,61.0,54.0,9.13,1.84,2,63.4
2.88,89.1,52.8,6.51,0.74,5,55.6
2.82,89.4,68.0,6.25,0.39,5,63.2
3.3,85.1,82.2,6.04,1.36,4,74.1
0.5,68.4,49.8,6.27,3.95,4,48.5
3.45,79.4,65.9,8.28,3.97,4,69.2
2.98,80.0,71.4,3.62,0.63,5,53.5
4.8,66.1,75.4,8.49,1.13,3,67.6
5.18,98.0,67.6,4.65,0.36,3,55.8
8.25,90.5,59.5,6.15,6.0,4,73.2
6.4,77.3,52.6,5.94,5.95,3,70.0
3.35,80.3,66.3,7.27,1.57,3,57.8
2.7,82.5,48.9,4.42,2.45,3,50.5
5.48,55.5,21.2,7.1,1.88,4,50.3
1.86,77.0,71.5,9.13,1.35,5,72.6
8.16,71.8,78.6,4.73,0.08,3,64.7
6.86,68.0,29.6,6.75,0.91,5,52.9
3.56,76.6,49.9,5.64,1.68,4,48.8
1.07,100.0,74.3,7.05,1.7,4,67.2
7.21,87.7,95.9,6.52,0.7,4,93.4
4.27,73.1,65.3,5.67,4.26,4,66.6
6.98,86.9,54.1,7.13,0.27,1,64.2
1.31,96.8,62.3,8.85,1.04,4,65.6
3.3,91.1,85.6,6.25,1.76,1,71.0
4.51,80.7,55.3,7.44,1.79,5,62.8
4.59,72.2,53.0,4.82,1.57,5,63.1
3.6,88.4,57.8,5.26,0.48,3,62.4
5.75,84.7,50.7,7.11,0.25,3,63.5
2.36,90.7,66.8,8.43,1.52,4,63.0
4.22,87.6,89.4,6.96,1.37,3,82.8
4.74,92.6,69.8,6.09,0.3,5,75.4
5.53,73.6,61.2,6.5,1.83,2,61.2
5.92,95.8,60.6,4.87,0.91,2,69.8
2.25,82.4,41.6,7.29,1.65,5,54.3
1.43,100.0,78.2,7.65,2.72,4,67.6
7.06,71.7,63.8,5.91,0.28,4,62.8
5.16,100.0,62.3,5.89,0.03,3,59.9
3.0,82.4,100.0,6.85,2.27,4,80.7
7.6,72.2,69.5,5.93,1.41,4,61.5
4.73,74.2,53.7,6.41,1.8,4,56.5
6.86,76.2,58.6,9.23,2.73,4,61.8
4.64,85.1,82.2,6.18,2.44,4,75.2
8.62,86.3,66.7,6.03,4.86,3,72.8
8.01,73.1,43.4,5.66,1.15,3,58.7
4.0,79.7,78.8,7.47,1.01,4,66.4
6.44,100.0,55.0,6.26,0.77,3,63.6
5.79,100.0,93.1,5.66,0.25,4,84.2
7.24,85.2,81.2,8.22,1.28,3,75.9
2.57,80.5,58.3,8.35,0.49,4,63.2
5.87,81.4,84.2,5.72,3.81,4,72.5
6.62,87.4,66.0,4.07,1.31,3,64.7
0.98,67.7,77.8,7.81,1.35,2,63.7
2.13,76.9,72.3,5.61,0.66,2,61.8
0.5,60.0,52.3,7.53,0.08,4,42.3
3.96,84.8,55.3,3.94,0.05,4,56.5
5.94,87.8,80.4,7.66,0.83,1,72.4
7.5,74.2,60.0,4.93,0.13,4,62.7
4.65,98.9,58.9,7.45,1.4,3,68.2
7.76,65.3,50.7,6.52,3.19,3,62.9
1.74,62.4,71.4,5.26,3.22,5,60.8
1.09,82.7,95.9,5.97,1.61,3,62.5
4.39,92.6,49.0,7.39,0.36,3,57.9
5.27,100.0,65.4,6.64,2.98,1,64.9
4.43,74.5,86.2,7.26,3.26,2,65.1
0.5,92.9,63.8,9.07,0.33,3,51.2
4.32,79.5,71.8,4.47,2.01,1,61.6
1.89,77.9,49.1,8.6,0.51,4,51.5
5.84,90.6,71.4,6.64,2.43,3,77.0
5.23,87.8,62.2,5.33,6.0,3,66.6
2.62,61.1,79.8,4.77,0.05,2,46.0
3.47,97.7,82.8,6.25,3.41,3,79.1
2.38,96.6,100.0,7.7,1.46,4,84.2
4.37,72.5,73.7,6.33,5.44,5,64.3
6.41,84.7,69.9,8.46,0.94,2,74.2
2.53,85.9,67.9,4.61,2.82,5,60.0
5.51,83.1,59.7,6.48,0.1,4,66.7
3.44,73.4,70.1,4.87,0.61,4,54.7
2.91,71.9,60.6,6.97,0.1,3,49.0
4.29,79.7,67.5,7.65,5.55,2,64.3
2.43,94.1,84.8,5.95,2.55,2,70.5
3.39,86.5,49.9,3.11,2.87,4,50.7
2.1,75.6,82.1,6.76,4.17,3,60.4
8.43,89.3,84.8,7.07,0.13,5,80.3
4.57,45.8,63.2,7.03,0.73,3,58.0
3.1,93.8,33.2,8.11,0.11,2,54.0
4.93,59.1,55.9,5.11,0.36,4,57.7
4.28,75.7,84.5,7.38,0.39,3,67.6
4.06,66.6,64.7,8.05,0.95,3,68.6
5.73,64.5,50.0,4.19,0.47,4,46.4
6.02,93.9,57.4,6.92,0.16,5,73.2
3.44,74.4,77.6,5.84,0.27,4,71.9
3.35,84.2,73.2,6.39,0.24,4,69.7
3.95,79.4,61.4,6.95,5.42,4,64.2
0.5,85.7,59.5,5.87,2.14,5,52.6
1.47,80.9,59.1,5.62,5.15,3,60.5
7.23,64.6,51.2,6.54,0.87,1,51.0
7.79,92.0,89.2,5.09,0.49,3,74.6
4.0,74.1,60.2,5.09,2.4,3,59.5
5.65,61.3,83.3,7.38,0.59,4,77.0
5.12,74.9,87.8,5.01,0.53,4,74.2
10.0,98.0,80.0,7.37,0.4,4,78.8
6.74,90.2,58.5,7.1,0.21,1,64.7
4.24,75.8,71.1,4.26,0.44,4,57.6
2.59,75.8,64.6,5.62,0.66,3,55.1
1.29,76.1,51.4,8.05,1.68,4,59.7
4.91,100.0,69.9,5.22,0.1,4,64.8
2.99,84.6,47.3,5.9,0.35,3,63.8
1.66,85.2,82.8,7.1,2.48,2,71.0
3.21,92.4,58.0,7.52,0.24,2,67.8
2.34,82.9,68.0,6.17,0.63,4,60.4
7.87,76.9,69.2,5.72,3.0,5,74.3
6.26,77.6,61.1,8.35,0.25,4,61.6
4.48,79.1,73.8,8.76,0.13,2,65.8
7.46,79.6,57.9,7.77,0.99,3,71.0
4.65,88.7,78.1,6.61,0.54,4,79.8
2.78,80.6,44.8,5.45,1.24,4,49.7
7.55,88.8,66.9,5.42,2.44,2,70.1
5.58,79.0,94.1,7.18,0.22,1,73.6
2.43,80.9,50.0,7.04,1.3,4,51.0
4.12,56.0,54.8,8.32,1.06,3,60.2
2.75,91.0,72.7,7.35,0.23,3,63.5
1.73,84.2,67.7,4.55,1.47,1,53.4
6.35,92.0,70.3,7.87,0.48,3,71.8
8.32,45.2,72.3,5.2,1.0,5,61.8
1.7,100.0,74.5,6.0,0.13,5,67.6
5.63,78.3,81.6,6.83,0.92,4,73.2
3.2,93.3,71.1,9.09,0.55,3,68.7
3.53,67.5,61.4,10.0,2.59,2,59.9
3.32,87.4,75.1,7.29,0.09,3,69.8
2.77,67.4,93.5,6.26,0.81,3,76.3
4.6,72.5,63.0,7.19,0.92,4,65.7
2.84,100.0,50.4,7.65,1.94,3,69.1
5.04,77.7,81.6,6.08,1.28,3,64.6
4.4,82.6,63.2,8.83,1.65,2,68.1
4.02,90.4,32.4,6.8,2.25,3,52.1
2.68,85.9,77.7,7.15,2.97,2,61.8
3.35,81.8,57.0,7.37,0.57,2,56.2
6.01,84.4,63.6,7.05,1.16,5,77.8
5.5,100.0,70.0,7.59,2.75,3,81.9
2.54,79.3,67.9,5.7,6.0,3,62.2
4.7,82.4,75.6,5.77,3.3,5,66.4
6.0,92.6,58.5,5.07,0.7,5,68.4
1.16,93.3,72.7,7.07,0.33,4,64.7
5.59,94.2,61.1,7.51,1.01,4,72.8
3.17,87.7,76.1,7.1,2.03,3,61.2
5.64,66.3,74.2,8.68,1.02,3,65.1
2.97,99.6,51.0,6.49,0.99,3,61.8
0.89,66.2,81.3,7.37,2.73,4,64.0
1.24,83.6,57.0,5.08,0.67,4,42.9
4.6,70.9,77.1,6.0,2.95,3,68.6
5.02,79.2,70.5,7.4,0.78,2,68.2
2.69,83.9,92.6,7.6,0.6,4,78.4
5.78,83.9,61.6,6.12,0.91,2,69.0
1.18,85.1,59.8,6.41,2.16,4,61.1
4.37,99.4,64.7,4.53,0.2,4,61.4
2.08,85.4,60.5,6.04,0.33,4,49.9
3.2,77.1,77.0,7.66,4.54,4,68.0
4.59,91.6,40.8,7.25,0.29,5,67.6
2.78,94.3,49.2,7.15,1.26,3,67.7
3.73,65.3,49.0,6.56,1.3,4,59.9
6.51,87.2,79.3,6.51,1.01,4,78.8
3.35,88.4,90.7,5.64,1.55,2,74.5
6.17,76.4,63.4,7.41,0.39,1,61.5
2.24,96.5,62.5,7.05,1.21,3,63.6
5.56,78.2,66.1,7.14,0.7,3,75.8
7.38,81.5,82.4,5.82,1.63,4,72.7
0.5,77.9,51.1,3.7,0.23,4,48.4
2.91,80.2,68.6,7.93,1.27,2,62.3
5.65,66.8,79.6,5.88,0.31,2,73.0
4.09,62.7,72.5,5.38,0.49,5,56.7
5.24,99.1,67.8,7.4,0.37,2,74.4
3.29,69.8,80.0,5.99,0.3,3,60.6
4.67,68.1,24.5,7.88,2.62,4,46.3
4.19,54.2,75.2,7.3,0.5,3,63.3
6.84,72.3,55.2,7.39,3.93,2,70.0
5.01,64.1,37.5,4.72,5.26,2,43.5
5.18,99.7,72.7,8.08,1.27,2,67.5
3.68,92.1,85.6,6.84,0.23,4,74.4
3.52,71.7,62.9,6.02,0.7,3,59.4
3.63,100.0,79.3,6.69,2.4,3,78.4
5.29,91.8,89.2,4.19,0.69,4,77.3
3.66,76.1,84.7,7.03,0.14,4,70.3
5.08,50.0,89.6,5.16,1.22,1,73.0
8.65,100.0,76.1,4.74,2.8,3,77.9
6.24,63.3,66.1,4.52,2.38,4,60.2
3.85,60.3,41.0,7.95,0.29,3,43.5
6.9,92.3,61.3,5.68,1.68,3,69.4
3.68,100.0,52.4,8.49,0.37,4,65.5
0.5,96.6,97.6,5.8,0.37,5,73.9
2.48,86.8,62.4,4.28,3.11,4,62.2
0.76,87.1,66.8,5.05,0.43,4,49.6
3.8,90.2,73.3,8.11,0.46,4,72.8
4.54,89.1,65.7,6.3,0.0,3,70.0
7.85,83.4,90.4,5.79,3.07,4,90.5
5.15,81.3,55.7,6.71,2.36,3,69.9
4.06,79.2,67.9,7.15,1.48,2,69.2
6.16,71.0,53.9,7.95,2.08,4,66.4
0.5,76.6,45.2,8.38,0.25,4,49.1
4.97,59.7,55.8,6.03,0.92,3,63.6
6.04,78.8,64.4,4.78,0.65,5,58.6
1.54,68.1,58.6,5.96,0.15,1,46.6
6.79,66.8,54.6,6.84,1.0,3,58.5
5.18,82.2,43.9,5.25,3.8,2,60.7
3.67,96.7,63.8,5.26,0.06,4,72.5
5.77,91.0,42.4,6.95,0.52,4,60.6
9.04,61.2,76.4,6.44,0.35,3,57.9
4.86,68.1,66.2,6.54,0.41,4,62.1
5.0,91.3,43.1,5.51,3.59,3,66.9
3.58,68.2,60.4,6.2,0.95,4,62.6
2.8,77.3,53.7,5.3,0.94,3,57.9
6.16,86.6,69.8,7.66,2.14,3,72.7
2.79,68.4,85.1,7.85,0.25,5,62.6
4.64,81.3,36.9,4.1,1.0,3,52.0
3.54,64.0,66.7,5.29,0.84,2,53.2
5.46,72.8,62.6,4.55,1.36,4,72.0
5.17,83.8,75.1,5.65,6.0,5,75.6
6.58,60.9,68.2,6.39,2.2,3,63.4
3.48,85.3,53.7,4.62,0.76,2,51.9
3.96,79.8,60.2,5.3,2.64,3,62.9
2.54,86.6,53.1,5.19,0.28,3,55.0
3.61,82.7,81.1,6.77,0.05,2,73.4
5.25,96.4,65.3,6.59,0.34,4,72.5
